keyword,count
 medical and health sciences,150
basic science,114
clinical medicine and science,67
 clinical sciences,33
 biological sciences,33
not available,31
 neurosciences,28
 public health and health services,27
 biochemistry and cell biology,27
 paediatrics and reproductive medicine,19
public health,18
central nervous system,17
biomedical and clinical sciences,17
 pharmacology and pharmaceutical sciences,17
health services research,16
 immunology,15
 clinical trial,14
 psychology,14
 signalling pathways,13
 inflammation,13
 oncology and carcinogenesis,12
 genetics,12
 obesity,12
infectious diseases,11
 mouse models,11
 psychology and cognitive sciences,11
 epigenetics,11
public health and health services not elsewhere classified,10
 cardiorespiratory medicine and haematology,10
clinical sciences,10
 medical microbiology,10
 epidemiology,10
 drug discovery,10
 g protein-coupled receptors,10
basic pharmacology,9
 transcriptional regulation,9
 biomedical and clinical sciences,9
public health and health services,9
 health services and systems,8
structural biology ,8
 epigenetics ,8
 emergency medicine,8
haematology,8
 innate immunity ,7
 health sciences,7
 kidney disease,7
 innate immunity,7
medical bacteriology,7
nephrology and urology,7
obstetrics and gynaecology,7
cardiology ,7
medical and health sciences not elsewhere classified,7
 diabetes,7
preventive medicine,7
 signalling pathways ,7
intensive care,7
 infectious diseases ,7
biological psychology ,7
 clinical trial ,6
 prevention,6
 g protein-coupled receptors ,6
reproduction,6
 other medical and health sciences,6
 medical physiology,6
biochemistry and cell biology not elsewhere classified,6
 structural biology,6
cardiorespiratory medicine and haematology,6
 infectious diseases,6
 leukaemia,6
 reproductive medicine,6
 antibiotic resistance ,6
 epilepsy ,5
 inflammation ,5
signal transduction,5
 atherosclerosis,5
 cardiology ,5
cancer therapy ,5
 bacterial pathogenesis ,5
 stroke,5
 signal transduction,5
 antimicrobial resistance ,5
 health services research,5
 diabetes mellitus,5
developmental genetics ,5
endocrinology,5
 brain imaging,5
emergency medicine,5
 evidence-based health care ,5
 cancer biology ,5
haematological tumours,5
 health care delivery,5
 structural biology ,5
 cell biology ,5
 primary health care,5
 endometrium,5
 randomised controlled trial ,5
 emergency medicine ,4
 targeted therapy ,4
 molecular pharmacology,4
 atherosclerosis ,4
 prostate cancer ,4
 brain injury ,4
 microbiology,4
 hypothalamus,4
 protein complexes,4
 clinical and counselling psychology,4
pharmacology and pharmaceutical sciences not elsewhere classified,4
 magnetic resonance imaging  ,4
primary health care,4
 metabolism,4
 premature birth,4
 premature infant,4
medical physiology not elsewhere classified,4
 structure-function,4
 therapeutics ,4
 bioinformatics,4
 cardiovascular disease,4
 medicinal chemistry,4
 gene regulation,4
 stem cell biology ,4
 fertility ,4
 targeted therapy,4
 cardiovascular medicine and haematology,4
 glomerulonephritis,4
 biochemistry,4
 leukaemia ,4
clinical sciences not elsewhere classified,4
 human immunodeficiency virus ,4
 randomised controlled trial  ,4
 intensive care,4
 cardiovascular disease prevention,4
 health economics,4
paediatrics and reproductive medicine,4
 prevention ,4
cell development,4
 neurology and neuromuscular diseases,4
 neuroimaging,4
paediatrics and reproductive medicine not elsewhere classified,4
 cytokine signalling,4
health sciences,4
 central nervous system,4
 obesity ,4
 systems biology ,4
 proliferation and death,4
 human immunodeficiency virus  ,3
 host/pathogen interaction ,3
 kidney disease ,3
 critical illness ,3
 drug discovery ,3
 diabetes ,3
 hypertension ,3
 phosphatase,3
 phosphoinositide 3-kinase,3
 health promotion,3
 epidemiology ,3
 blood transfusion,3
 primate,3
 virulence ,3
 stem cell therapy ,3
 ageing,3
 receptor dimerisation,3
innate immunity,3
 stroke ,3
 cancer,3
 phosphoinositide 3-kinase ,3
 resuscitation,3
 cardiac arrest,3
 kidney failure,3
 glomerulonephritis ,3
 cardiovascular disease ,3
 skin permeability ,3
 visual cortex,3
 metabolic syndrome,3
 zebrafish,3
 gene disruption,3
 molecular biology ,3
 mental health ,3
 mouse models ,3
 rna ,3
 apoptosis,3
 platelet aggregation,3
 epilepsy,3
 differentiation,3
 peptides,3
pharmaceutical sciences,3
" ""womens health""",3
 public health and health services not elsewhere classified,3
 neonatal intensive care ,3
 pharmacokinetics,3
 electron microscopy,3
 diabetic complications ,3
 infection,3
 polycystic ovarian syndrome ,3
 receptor signalling ,3
 ageing ,3
 magnetic resonance imaging ,3
 intensive care ,3
 spatial neglect,3
 respiratory diseases,3
 traumatic brain injury ,3
neurosciences not elsewhere classified,3
 stem cells,3
psychiatry ,3
 refugee health,3
neurosciences,3
immunology not elsewhere classified,3
 general practice,3
 paediatrics,3
 antibiotic therapy,3
 antibiotic resistance,3
 mental health,3
 memory t-cells,3
 nanotechnology,3
 insulin resistance,3
 perinatal,3
 primary care,3
110204,3
 developmental biology,3
 molecular basis of disease,3
 obstetrics and gynaecology,3
paediatrics,3
biologically active molecules,3
 ageing population,3
 coagulation,3
aged health care,3
 metabolomics,3
 embryo implantation,3
respiratory diseases,3
 implementation science and evaluation,3
 biomedical engineering,3
 endocrinology,3
 coronary artery disease ,3
 bacterial pathogenesis,3
 computed tomography ,3
 genomics ,3
surgery,3
 aspirin,3
sensory systems,3
cellular immunology,3
 neurocognitive assessment,3
 electrophysiology ,3
chemotherapy,3
 sympathetic nervous system,3
 stroke outcome,3
 bacterial infection ,3
solid tumours,3
 nephropathy,3
 chemical sciences,3
 medicinal and biomolecular chemistry,3
 multiple sclerosis ,3
 meta-analysis ,3
 pregnancy ,3
 apoptosis ,3
 structure-function ,3
 dendritic cell,3
 brain injury,3
 attention deficit hyperactivity disorder  ,3
 dementia,3
 chemotherapy ,2
 drug resistance ,2
 myeloma ,2
 lipid metabolism,2
 chromatin structure ,2
 molecular virology,2
 placenta,2
 nosocomial infections ,2
 differentiation ,2
 alzheimer disease ,2
 endometrial cancer,2
 germinal centre,2
 gene regulation ,2
 evidence-based clinical practice ,2
 injury prevention,2
 maternal health ,2
 testis,2
 fertility,2
 cognition ,2
 dementia ,2
 falls prevention,2
 cell therapy ,2
 spermatogenesis,2
 electrophysiology,2
 infertility,2
 antimicrobial therapy ,2
 depression ,2
 schizophrenia and related disorders,2
 kidney ,2
 pathogenesis,2
 cognition,2
 addiction,2
 clostridium perfringens,2
 cardiovascular disease prevention ,2
health,2
 transcranial magnetic stimulation ,2
 structural immunology ,2
 therapeutics,2
 helicobacter pylori ,2
 inflammatory diseases,2
 expression profiling,2
 drug design,2
 mouse genetics,2
 receptor dimerisation ,2
 premature infant ,2
 skin permeability,2
 infection control,2
 connectivity,2
 antiretroviral therapy,2
 chronic pain ,2
 receptor trafficking ,2
 cardiology,2
 health services research ,2
 womens health ,2
 transcranial magnetic stimulation  ,2
 t cell immunity ,2
 viral infection,2
 neurophysiology ,2
 fracture,2
 functional magnetic resonance imaging ,2
 testis development,2
 statistics ,2
 malnutrition ,2
 bacterial pathogen,2
 novel therapeutic agents,2
 brain imaging ,2
 t cell epitope ,2
 implementation,2
 primary care ,2
 t cell immunity,2
 substance misuse,2
 animal model,2
 memory,2
 immunisation,2
 hippocampus ,2
 metabolic syndrome ,2
 knee osteoarthritis ,2
 weight control ,2
 host/pathogen interaction,2
 virulence,2
 metabolomics ,2
 natural killer cells ,2
 pregnancy,2
 systems biology,2
 protein characterisation,2
 drug development,2
 renin-angiotensin system  ,2
 cerebral blood flow,2
 child development,2
 cell signalling ,2
 uterus,2
 systemic lupus erythematosus ,2
 glucose metabolism,2
 musculoskeletal disorders ,2
 angiotensin receptor,2
 protozoan parasitic disease,2
 rheumatology ,2
 drug development ,2
 india,2
 water-borne diseases ,2
 modelling,2
 pharmacology,2
 embryonic development,2
 outcomes research ,2
 outcome measures,2
 vision ,2
 drug delivery systems ,2
 nanotechnology ,2
 epidermal barrier,2
 angiotensin,2
 evidence-based clinical practice,2
 renin-angiotensin system ,2
 seizures ,2
 atherogenesis,2
 melatonin,2
 transcriptional regulation ,2
 atopic dermatitis,2
 sympathetic nervous system ,2
 type i interferon,2
 immune response,2
 zebrafish ,2
 viral immunity,2
 fibrosis,2
 cancer biology,2
 developing countries ,2
 acute leukaemia,2
 fibrinolysis,2
 perforin,2
 trypanosomiasis,2
 mitochondria ,2
 elderly,2
 xenografts ,2
humoural immunology and immunochemistry,2
 emergency medical service,2
 macrophages,2
 glomerulosclerosis,2
 molecular biology,2
 mitochondrial disease,2
 interleukin-6 ,2
 lung inflammation,2
 lung cancer,2
 stress response,2
 serpin,2
 protease,2
 receptors ,2
 nutrition ,2
 activin ,2
 primate ,2
 imaging,2
 reproductive health,2
 gene expression,2
 muscle disease,2
 thrombosis,2
 mathematical modelling,2
 molecular evolution,2
 bacterial genetics ,2
 oxidative stress,2
 diabetic nephropathy,2
 diabetic complications,2
 vasculitis,2
 lymphocytes,2
 polycystic ovarian syndrome  ,2
 quality improvement,2
 antibiotic therapy ,2
 b cells ,2
 pharmacology ,2
 regulatory t cells,2
 intestine ,2
 renal failure,2
 psychiatry,2
 transcription factor,2
 antibody,2
 energy balance,2
 hypothalamus ,2
 prefrontal cortex ,2
 osteoporosis,2
 stroke outcome ,2
 glucose homeostasis,2
 diabetic nephropathy ,2
 autoimmune disease,2
 quality of life,2
 drug action,2
 pharmacogenomics,2
 insulin resistance ,2
 physiotherapy,2
 translational research ,2
 pathogenic bacteria,2
 inflammatory bowel disease ,2
 mitochondria,2
 nutrition and dietetics,2
 clinical nutrition,2
 protein tyrosine phosphatase  ,2
 neural regeneration,2
 reactive oxygen species  ,2
 reproductive medicine not elsewhere classified,2
 guidelines,2
 menopause ,2
 digital health,2
regenerative medicine ,2
 pathogenesis ,2
 regeneration,2
autonomic nervous system,2
 drug delivery,2
 reproductive disorders,2
 transfusion ,2
 clinical and health psychology,2
neurocognitive patterns and neural networks,2
 cognitive science,2
 adenosine receptors,2
 cognitive disorders,2
 reproductive biology,2
rheumatology and arthritis,2
 chromatin structure,2
 engineering,2
 antigen presentation,2
 t cell response,2
 human leukocyte antigen ,2
 osteoarthritis,2
 haematology,2
 lung injury,2
 technology,2
 trafficking,2
 outcomes research,2
epidemiology,2
 autophagy ,2
 ischaemia/reperfusion,2
 blood-brain barrier,2
 addictive behaviours,2
 psychological treatment,2
 assisted reproductive technology  ,2
 tuberculosis,2
 insulin secretion,2
 insulin signalling,2
 cancer ,2
cancer cell biology,2
 social and behavioural research,2
 keratinocytes,2
 outcome,2
 economic evaluation ,2
 virology,2
 skeletal muscle ,2
 therapy ,2
 risk factors ,2
 platelets ,2
 lipids ,2
 fetal health,2
 imaging ,2
 cancer cell biology ,2
 regenerative medicine ,2
 kinases ,2
 kinase inhibitors ,2
 haematopoiesis ,2
 uterus ,2
 receptor signalling,2
medical and health sciences,2
 rna metabolism,2
 implementation ,2
 emergency medical service ,2
 sleep disturbance ,2
 androgens,2
 statistics,2
 crystallography,2
 cellular immunology,2
 allied health and rehabilitation science,2
 cancer immunotherapy,2
 environmental and occupational health and safety,2
 preventive medicine,2
 clinical sciences not elsewhere classified,2
 medical biochemistry and metabolomics,2
 insomnia ,2
 aged health care,2
 rna binding proteins ,2
oncology and carcinogenesis not elsewhere classified,2
 rehabilitation,2
 public health ,2
neurology and neuromuscular diseases,2
 health,2
 biostatistics ,2
 neurodegeneration ,2
medical virology,2
 biomarkers,2
 risk prediction,2
 treatment efficacy,2
 traumatic brain injury  ,2
 cancer therapy ,2
 radiology ,1
 pain ,1
 musculoskeletal,1
 cancer therapy,1
 prostate cancer,1
 quality of care,1
 sexual health,1
 mobility ,1
 angiogenesis ,1
 tumour biology ,1
 body image,1
 transcription factor ,1
 neuroprotection ,1
 cannabis ,1
 myeloid leukaemia ,1
 cancer progression,1
 t cell receptor,1
 disease susceptibility,1
 genetic influences ,1
 cell surface receptor,1
 bone marrow transplantation ,1
 protein kinases,1
 plasmodium falciparum,1
 lectins,1
 protein engineering ,1
 malaria,1
 protein biochemistry ,1
 viral immunity ,1
 breast cancer metastases ,1
 protein interactions ,1
 novel therapeutic agents ,1
 diagnosis,1
 pre-eclampsia,1
 addiction treatment ,1
 breast cancer ,1
 xenografts,1
 pregnancy complications,1
 arousal ,1
 physiology ,1
 randomised trial,1
 myeloperoxidase,1
 young adults ,1
 fetus,1
 clinical pharmacology ,1
 patient outcomes ,1
 quality use ,1
 neuromodulation,1
 autonomic nervous system,1
 prematurity,1
" ""neuroimaging ",1
 yeast,1
 brain pathways ,1
 huntingtons disease ,1
 parkinson disease ,1
 molecular microbiology,1
 hyperglycaemia,1
 neural plasticity,1
" friedreich ataxia""",1
 mycology,1
 sarcopenia,1
 falls,1
 fungal pathogens,1
 candida albicans,1
 bioinformatics ,1
 cytokine signalling ,1
medical infection agents ,1
 in vitro ,1
 birth asphyxia,1
 pluripotential ,1
 gastric cancer ,1
foetal development and medicine,1
 health care evaluation ,1
 cortex ,1
 neuroplasticity ,1
 blood pressure regulation ,1
 injury ,1
 injury epidemiology ,1
 vaccination immunology,1
 tendon injury ,1
industrial and organisational psychology,1
 sex differences,1
 anaesthesia,1
 decision support,1
 design,1
 emphysema,1
 opioid analgesia ,1
 physiotherapy assessment ,1
 association studies,1
 clinical practice guidelines ,1
 autoimmunity,1
 muscle strength ,1
 exercise therapy ,1
 gastrointestinal infections,1
 attention deficit hyperactivity disorder ,1
 attention deficits,1
 neonatology,1
 molecular genetics,1
 growth restriction,1
 opioid dependence,1
 cytomegalovirus  infection ,1
 viral persistence,1
 cell cycle regulation,1
 predictive,1
 bacterial pathogenicity,1
 tumour biology,1
 lifestyle ,1
 mass spectrometry ,1
 angiogenesis,1
 antigen presentation ,1
 hormones,1
 antigen processing ,1
 oestrogen,1
 nutritional support techniques,1
 nutritional status ,1
 antiepileptic drugs ,1
 cerebral cortex ,1
 modelling ,1
 neuroprotection,1
 ageing population ,1
 lymphoma ,1
 skin cancer ,1
 somatic mutation ,1
 recombination ,1
 cytotoxic t lymphocytes ,1
 eye movements ,1
 human papillomavirus ,1
 neurosteroids ,1
 women ,1
 parasitology ,1
 injury,1
 proteomics ,1
 epidermal barrier ,1
 lipid biochemistry,1
 labour,1
 gene disruption ,1
 structural immunology,1
 thalassaemia ,1
 gene therapy ,1
 lentiviral vector ,1
 rna interference ,1
 spermatogenesis ,1
 induction of labour,1
 axonal degeneration,1
 mitochondrial dynamics,1
 cerebral blood flow ,1
 neonatal intensive care  ,1
 molecular neuroscience,1
 charcot-marie-tooth disease,1
 testicular cancer ,1
cellular nervous system,1
 injury epidemiology,1
 viral infection ,1
 bacterial gastroenteritis,1
 bacterial infection,1
 vaccination,1
 male,1
 sleep disturbance,1
 relapse prevention,1
 multiple sclerosis  ,1
 molecular modelling,1
 neural pathways,1
 psychological health,1
 maternal health,1
 aboriginal health,1
 attention deficits ,1
 early childhood ,1
 microrna,1
 training ,1
 cognitive development ,1
 acquired brain injury,1
 protein localisation ,1
 sepsis ,1
 angiotensin ,1
 autophagy,1
 skeletal muscle,1
 addiction prevention ,1
 cardiovascular physiology,1
 caesarean section,1
 cardiovascular risk factors,1
 immunotherapy ,1
 ventilation,1
 drug addiction,1
 fetal origins of disease,1
 growth disorders,1
 inheritance,1
 oocyte,1
 australia,1
 in vitro,1
 pluripotential,1
 cerebral palsy treatments ,1
 intestinal,1
 medical biotechnology,1
 treatment strategies ,1
 upper airway physiology ,1
 tumour suppression,1
 dna targeted drugs,1
 malaria ,1
 respiratory control ,1
 bacterial genetics,1
 virulence factors,1
 combination therapy ,1
 glioblastoma ,1
 clostridial myonecrosis,1
 protein aggregation ,1
receptors and membrane biology,1
 botulinum toxin ,1
 obstructive sleep apnoea ,1
 tremor ,1
epigenetics ,1
 protein engineering,1
 cardiac ischaemia,1
 diabetic vascular complications ,1
 malnutrition,1
 cell-cell communication,1
 chromatin,1
 echocardiography ,1
 neonatal survival,1
 knee osteoarthritis,1
 weight control,1
 two-component signal transduction,1
 biophysics ,1
 hormone replacement therapy  ,1
 relaxin ,1
 tissue damage,1
 metal metabolism ,1
 neuroinflammation ,1
 cognitive assessment,1
" ""huntingtons disease""",1
 antiretroviral therapy ,1
 hypoxic-ischaemic encephalopathy ,1
 therapeutic target ,1
 oncology ,1
 developing countries,1
 neuroimmunology ,1
 cerebral palsy ,1
 cord blood,1
 muscle disease ,1
 drug screening ,1
 expression profiling ,1
 drug efficacy ,1
 neuropsychiatric disorders ,1
 metabolic disease ,1
 proteomics,1
 pain management,1
 telomeres,1
 calcium imaging,1
 cognitive behaviour therapy,1
 fetal physiology ,1
" ageing population""",1
 oestrogen ,1
 androgens ,1
 chorioamnionitis ,1
 neonatal ,1
" ""hormones ",1
 anti-inflammatory agents,1
 pain mechanisms,1
 synaptic mechanisms,1
 dorsal horn,1
 patch clamp,1
 diabetic vascular complications,1
 chromosomes,1
 receptor regulation,1
 critical care medicine,1
 renal fibrosis,1
 cardiac fibrosis,1
 structure-based drug design,1
 immune complex,1
 antibody engineering,1
 thrombocytopenia ,1
 anticoagulation ,1
 electroencephalography ,1
 haemorrhage ,1
 therapy,1
 pain mechanisms ,1
 inflammatory diseases ,1
medical biochemistry and metabolomics not elsewhere classified,1
 autoimmunity ,1
 child health,1
 water supply,1
 water quality,1
 macrophage activation,1
 microbial ecology ,1
 water-borne diseases,1
 diarrhoeal disease,1
 decision making,1
 diet,1
 viral immunology ,1
 transplantation biology ,1
 colorectal cancer treatment,1
 end-of-life decision making ,1
 euthanasia ,1
 palliative care ,1
 legal issues ,1
 lung ,1
 visual perception ,1
 visual pathways ,1
 ethics,1
 visual attention ,1
" ""overweight/obesity ",1
 marketing ,1
 visual cortex ,1
" reproductive health""",1
 protein interactions,1
 male reproduction,1
 sperm function,1
 reproductive immunology,1
" ""mens health""",1
 glycine receptors,1
 neural pathways ,1
 synaptic transmission ,1
 electroencephalogram  ,1
 parasitology,1
community child health,1
 bacterial pathogenicity ,1
 intestinal ,1
 enzyme activity,1
 bacterial gastroenteritis ,1
 education,1
 training,1
 parietal cortex ,1
 stereopsis ,1
 resistance spread ,1
 brain trauma ,1
 biomarkers ,1
 mitochondrial function ,1
 dorsal horn ,1
 genomics,1
 epidemiological research methods ,1
cell physiology,1
 appetite regulation,1
 bacterial toxins ,1
 bacterial pathogen ,1
 specific allergen immunotherapy ,1
 food allergy ,1
 critical illness,1
 energy intake,1
 intervention study,1
 bacteriology,1
 contraception in female,1
 effectiveness study,1
 cytokines,1
 sleep/wake patterns,1
 sleep,1
 physical disability,1
 cyclic amp,1
 antiparasitic chemotherapy,1
 cytokine therapy,1
 pain transmission ,1
 neuropeptides,1
 intracellular bacterial infections ,1
 legionella ,1
 macrophages ,1
 ubiquitination ,1
 vasculitis ,1
 bone marrow,1
 immune function,1
 gastric cancer,1
 travel health,1
 interferon ,1
 exposure assessment ,1
 cyclin,1
 blood diseases,1
 oncogenesis,1
 endothelial cells,1
 haematopoietic stem cells,1
 blood vessels,1
 burden of disease ,1
 survival analysis,1
 longitudinal,1
 biostatistics,1
 mathematical sciences,1
 stem cell biology,1
 lifestyle,1
 major depressive disorder ,1
 self-management ,1
 pancreatic cancer ,1
 human leukocyte antigen  ,1
 kidney failure ,1
 intracerebral haemorrhage,1
 type 1 diabetes mellitus  ,1
 heart failure,1
 drosophila melanogaster ,1
 tumourigenesis,1
 neurobiology,1
 calcium homeostasis,1
 hyperparathyroidism,1
 dietary fibre ,1
 blood pressure ,1
 activin,1
 quality of care ,1
 pain management ,1
 service utilisation ,1
 service delivery ,1
 therapeutic drug monitoring,1
 cohort study,1
 coronary blood flow ,1
 perfusion imaging ,1
 antibody ,1
 protein biochemistry,1
 chemistry ,1
 structure-activity relationships ,1
 synthesis ,1
 metals,1
 treatment-resistant ,1
cell metabolism,1
biostatistics,1
 respiratory chain,1
 bronchopulmonary dysplasia,1
 arthritis,1
 telomerase,1
 progenitor cells,1
 endometriosis,1
 working memory,1
 nephropathy ,1
 randomised trial ,1
 refugee health ,1
 caspases,1
 brain disorders,1
 psychosis,1
 glutamate receptors ,1
 cell death,1
 lung development,1
 healthy ageing,1
 antibody production ,1
 cell survival ,1
 cre/lox knockout mice ,1
 adenosine receptors ,1
 cognitive disorders ,1
 cognitive impairment,1
 transporters,1
 endocrinology ,1
 aldosterone ,1
 molecular imaging,1
 cytokine receptor,1
 interferon-alpha ,1
 insomnia,1
 schizophrenia,1
 orthopaedic surgery ,1
 anticancer drug,1
 transgenic mouse,1
 kinase inhibitors,1
 bone,1
 data linkage,1
 joint replacement,1
 mitochondrial function,1
gene expression ,1
 transcription,1
 molecular typing,1
 cancer metastasis,1
 cartilage,1
 intervention,1
 insulin secretion ,1
 drosophila ,1
 ischaemia ,1
 flavivirus infection,1
 retinal degeneration,1
 uveitis,1
 immunoregulation,1
 neocortex ,1
 regeneration ,1
medical microbiology not elsewhere classified,1
 vector-borne disease,1
 mosquito-borne disease,1
 medical entomology,1
 immunomodulation,1
 experimental glomerulonephritis,1
 surgical outcomes research ,1
 arbovirus diseases,1
 stem cells ,1
 lymphocyte migration,1
 renal physiology ,1
 upper airway physiology,1
 sleep onset ,1
 sleep disorders ,1
 surgical outcomes research,1
 nosocomial infections,1
 orthopaedic surgery,1
 treatment strategies,1
 respiratory control,1
 colon cancer,1
 obstructive sleep apnoea,1
 candida,1
 biofilm ,1
 staphylococcus aureus ,1
 ectopic pregnancy,1
 receptor tyrosine kinase ,1
 circadian rhythms ,1
 light sensitivity,1
 concussion ,1
 gastrointestinal symptoms,1
 colitis,1
 positron emission tomography  ,1
 brain ,1
 psychosis ,1
 basal ganglia,1
 economic evaluation,1
 consumer preferences,1
 resource allocation,1
 cost-effectiveness,1
 clinical outcome,1
 surveillance,1
 toll-like receptors ,1
 oligonucleotide ,1
 brain tumours,1
 enhancer elements ,1
 clostridial myonecrosis ,1
 gut immunity,1
 pro-opiomelanocortin ,1
 neocortex,1
 ischaemia,1
 decision support techniques,1
 health economics ,1
 allied health ,1
 death signalling,1
 methodology ,1
 multidisciplinary ,1
 screening ,1
 rehabilitation services ,1
 smoking cessation ,1
 chronic obstructive pulmonary disease  ,1
 antimicrobial therapy,1
 leptin,1
 physiology,1
 virulence factors ,1
 phase variation ,1
 helicobacter pylori,1
 mass spectrometry,1
 hypersensitivity,1
 oestrogen action,1
 hypospadias,1
 glutamate receptors,1
 intestine,1
 helminth infection,1
 repair,1
 cardiac surgery ,1
 anaesthesia ,1
 anaemia ,1
 melanoma ,1
 proteome analysis,1
 cell death ,1
 alveolar macrophages ,1
 nutrition,1
 amphetamine,1
 addiction treatment,1
 oculomotor,1
 psychophysiology ,1
 cognitive neuroscience ,1
 autism spectrum disorders ,1
 drosophila,1
 immune modulation ,1
 cell signalling,1
 striatum,1
 glucocorticoids,1
 lupus,1
autoimmunity,1
 disease mechanisms,1
 drug relapse,1
 vision,1
 cerebral cortex,1
 eye movements,1
 health systems ,1
 nutritional therapy ,1
 feeding and nutrition,1
 embryo development,1
 embryo implantation ,1
 embryo development ,1
 endometrium ,1
 malaria therapy,1
 structure-activity relationships,1
 merozoite,1
 sequencing ,1
 clinical research ,1
 opioid receptors ,1
 cardiac dysfunction,1
 heart development,1
 workers compensation,1
 intensive care medicine ,1
 mechanism of action,1
 physical health ,1
 diabetes mellitus ,1
 exercise therapy,1
 messenger rna  ,1
 pneumonia,1
 respiratory infection,1
 interferon-gamma ,1
 legionella,1
 intracellular bacterial infections,1
 lung cancer ,1
not applicable,1
 placental insufficiency,1
 cardiac arrest ,1
 resuscitation ,1
 occupational injury,1
 hypercapnia ,1
 mechanical ventilation,1
 sepsis,1
 remediation,1
 cognitive outcome,1
 social cognition,1
 influenza virus ,1
 immunopathology ,1
 health service utilisation ,1
 clinical research,1
 plaque ,1
 insulin signalling ,1
 skin disease,1
 lipid disorders,1
 mechanisms ,1
 cardioprotection,1
 cardiopulmonary bypass ,1
 public health,1
 endocytosis,1
 biosensor,1
nanomedicine,1
 cellular nervous system,1
gastroenterology and hepatology,1
 clinical and health psychology not elsewhere classified,1
 haematological tumours,1
 cellular interactions ,1
applied economics,1
public nutrition intervention,1
health information systems ,1
 reproduction,1
 neurosciences not elsewhere classified,1
 medical genetics ,1
 tumour suppressor gene ,1
 phosphoprotein ,1
 cancer progression ,1
 mycobacterium tuberculosis ,1
 metabolism ,1
 biosynthesis ,1
 persistence,1
 opioid dependence ,1
 overdose ,1
 brief intervention ,1
 treatment,1
 implantation ,1
 infertility ,1
 in vitro fertilisation ,1
 bcl-2 ,1
 acute myeloid leukaemia  ,1
 impulsivity,1
 podiatry,1
 biochemistry and cell biology not elsewhere classified,1
 ischaemic heart disease,1
 applied economics,1
 gene and molecular therapy,1
medical biotechnology,1
mental health,1
 rural and remote health services,1
 health management,1
health and community services,1
oncology and carcinogenesis,1
 protein trafficking,1
cancer diagnosis,1
 medical biochemistry and metabolomics not elsewhere classified,1
 nephrology and urology,1
 radiology and organ imaging,1
 cardiovascular medicine and haematology not elsewhere classified,1
rehabilitation and therapy ,1
immunology,1
 humoral immunology and immunochemistry,1
 geriatrics and gerontology,1
 rehabilitation and therapy ,1
 psychiatry ,1
psychology,1
 clinical neuropsychology,1
 paediatrics and reproductive medicine not elsewhere classified,1
 psychology not elsewhere classified,1
 biomaterials,1
 molecular targets,1
 predictive and prognostic markers,1
 radiation therapy,1
environmental and occupational health and safety,1
nutrition and dietetics not elsewhere classified,1
cancer genetics,1
biochemistry and cell biology,1
 lifestyle factors,1
 pregnancy complications ,1
 clinical guidelines ,1
 transforming growth factor beta ,1
 hormone receptors,1
 posttraumatic stress disorder ,1
 stress response ,1
 bone loss,1
 muscle wasting,1
 female menopause,1
 activin and inhibin,1
 individualising management,1
 dose optimisation,1
 solid tumours ,1
 x-ray crystallography ,1
 muscarinic receptors ,1
 efficiency,1
 translation,1
 protein synthesis,1
 proliferation,1
 mutagenesis,1
 myeloid ,1
 leukaemogenesis ,1
 haematological malignancy,1
 platelets,1
 cancer treatment,1
 supportive care,1
 biochemistry ,1
 neuropharmacology ,1
 neuropathic pain ,1
 molecular markers ,1
 receptor regulation ,1
 spinal cord,1
 dendritic cell lineages,1
 cardiomyocytes,1
 information science/medical informatics,1
 knowledge,1
 meta-analysis,1
 replication,1
 central nervous system ,1
 energy expenditure,1
 thermogenesis,1
 adipose tissue,1
 glucose,1
 receptors,1
 breast cancer,1
 breast cancer metastases,1
 cancer cell biology,1
 type 2 diabetes mellitus ,1
 coronary heart disease ,1
 cardiovascular risk,1
 telemedicine ,1
 hospitals ,1
 ovarian function ,1
 communicable disease,1
 bone disease ,1
 activin and inhibin ,1
 monitoring ,1
 mortality ,1
 skin disease ,1
 lipid disorders ,1
 perceived needs,1
 immune modulation,1
 thalamus,1
 monkey,1
 development,1
 plasticity,1
 computer simulation,1
 computer-based decision support,1
 public health policy,1
 health service utilisation,1
 health service accessibility,1
 receptor binding,1
 nephrotoxicity,1
 interferon  ,1
 immune function ,1
 dendritic cell ,1
 bone marrow ,1
 acute leukaemia ,1
 immunology ,1
 axonal injury,1
 drug absorption ,1
 drug metabolism ,1
 lymphatic absorption ,1
 drug delivery ,1
 cognitive behaviour therapy ,1
 sleep ,1
 pharmacodynamics,1
 osteoarthritis ,1
 ghrelin ,1
 appetite regulation ,1
 myelination,1
 neuroscience,1
 cannabis,1
 gestational diabetes,1
 self-management,1
 shared care,1
 venous leg ulcers ,1
 guidelines ,1
 public health policy ,1
 aspirin ,1
 endothelium,1
 infection ,1
 fibrosis ,1
 resistance spread,1
 cell membrane ,1
 schizophrenia and related disorders ,1
 positron emission tomography ,1
 fatty liver disease,1
 gene transfer ,1
 plasmids ,1
 population health,1
 intervention study ,1
 kinases,1
 diagnostic imaging,1
 axon regeneration ,1
molecular medicine,1
 indigenous health,1
 cerebrovascular disease ,1
 aboriginal ,1
 molecular genetics ,1
 attention ,1
 surgery,1
 weight loss,1
 memory t-cells ,1
 muscular dystrophy ,1
 muscle degeneration ,1
 glycobiology ,1
 cell adhesion,1
 inducible nitric oxide synthase  ,1
 suppressor of cytokine signalling  ,1
 peptide inhibitors ,1
 drug conjugation ,1
 anaemia,1
 health outcomes,1
 myelodysplasia,1
 signal transduction ,1
 electron microscopy ,1
 molecular neuroscience ,1
 immune suppression ,1
 chronic diseases,1
 child health ,1
 neurophysiology,1
 brain disease,1
 brain abnormalities,1
 antimicrobial resistance,1
 muscle function,1
 muscle development,1
 dystrophy,1
 botulinum toxin,1
 rna,1
 tremor,1
 neurogenesis,1
 neural development,1
 neuroinflammation,1
 wound healing,1
 adjuvant therapy,1
 drug resistant,1
 syphilis,1
 access to health care,1
 haematopoietic stem cells ,1
 evidence-based ,1
 clinical practice ,1
 water supply ,1
 water quality ,1
 diarrhoeal disease ,1
 drug design ,1
 medicinal chemistry ,1
 membranes,1
 biophysics,1
protein trafficking,1
 dengue virus,1
 renal medulla ,1
 renal failure ,1
 adherence,1
 treatment evaluation,1
 venous leg ulcers,1
 social support networks,1
 messenger rna ,1
 developmental disorders,1
 developmental genetics,1
 kidney development,1
 tumour immunotherapy ,1
 tumour immunology ,1
 cytokine biology ,1
 neuropsychiatric disorders,1
 bone disease,1
 lymph node ,1
 psycho-oncology ,1
 sociology ,1
 communications/social research ,1
 community ,1
medical devices,1
 nursing,1
 artificial neural networks,1
 blindness,1
 brain,1
 implants,1
 low vision,1
 sight,1
 optics,1
 pneumonia ,1
 quality of life ,1
 trauma,1
 traumatic injury,1
 blood,1
 coagulation disorders,1
aged care nursing,1
 phosphoinositides ,1
 renal cystic disease ,1
 dysfunctional labour,1
 testis development ,1
 cell biology,1
 renal cystic disease,1
 cochlea,1
 platelet adhesion ,1
 platelet function ,1
 gene expression ,1
 microvascular,1
 mortality,1
 leukocyte trafficking,1
 parkinson disease,1
 animal model ,1
 sox genes ,1
 sex determination ,1
 dna targeted drugs ,1
 phosphoinositides,1
 immunomodulation ,1
molecular targets,1
 therapeutic agents,1
 embryonic stem cells ,1
 renal interstitial fibrosis,1
 oxygen therapy,1
 pharmaceutics,1
 lymphatic absorption,1
 metabolic disease,1
 cancer care ,1
 education ,1
 internet ,1
 adaptive immunity,1
 myeloma,1
 pathology ,1
 human ,1
 female reproduction,1
 second messengers,1
 shigella,1
 influenza ,1
 bronchopulmonary dysplasia ,1
 lung development ,1
 respiratory distress syndrome ,1
 chromatin ,1
 telomeres ,1
 chromosomes ,1
 microbiology ,1
 carotid artery disease ,1
 stroke prevention ,1
 vascular disease ,1
 focal epilepsy ,1
 genetic disorders ,1
 diagnosis ,1
 neurogenetics,1
null,1
 inositol phosphates,1
 obstetrics ,1
 perinatal ,1
 ethnicity ,1
 meiosis ,1
 microtubules ,1
 microtubule associated protein  ,1
 meiosis,1
 adaptive immunity ,1
 lifestyle factors ,1
 cancer epidemiology ,1
 genetic epidemiology ,1
 dna methylation ,1
 genetic influences,1
 fracture risk,1
 brca1,1
 residential care,1
 potassium channels ,1
 environmental risk factors ,1
 lymphocyte differentiation,1
 immunoglobulin ,1
 b cells,1
 chemokine receptor,1
 humoral immunity,1
 environmental pollutants,1
 environmental epidemiology ,1
 statins,1
 environmental health ,1
 phosphatase ,1
 leptin ,1
 cognitive neuroscience,1
 electroencephalogram ,1
 attention,1
 immunologic memory,1
 molecular immunology,1
 chronic infection ,1
 pathogenic mechanisms,1
systems physiology,1
 renal medulla,1
 cardiopulmonary bypass,1
 renal physiology,1
 neuropharmacology,1
 lung transplantation ,1
 humoral immunology ,1
 microarray analysis ,1
 natural killer cells,1
 transporters ,1
 molecular imaging ,1
 aboriginal health ,1
 smooth muscle ,1
 haematological malignancy ,1
 behaviour,1
 energy metabolism,1
 acute tubular necrosis,1
 cardiovascular health,1
 respiratory chain ,1
 mitochondrial disease ,1
 plasminogen,1
 immunity,1
 complement activation,1
 acute myeloid leukaemia ,1
 bcl-2,1
 syphilis ,1
 access to health care ,1
 mental health promotion ,1
 adolescent ,1
 adolescent health,1
 acute renal failure,1
 interleukins ,1
 pharmaceutical,1
 toll-like receptors,1
 protein binding,1
 chemokines,1
 inhibition,1
 inflammatory mediators,1
neurogenetics,1
 drug screening,1
 acute myocardial infarction ,1
 mass media,1
 shear stress,1
 transgenic model ,1
 clonal diversity,1
 social and behavioural research ,1
 stability,1
 bacterial evolution ,1
